"Status","Start Time","Stop Time","Duration in ms","Parent Suite","Suite","Sub Suite","Test Class","Test Method","Name","Description"
"passed","Thu Oct 01 10:41:36 UTC 2026","Thu Oct 01 10:41:40 UTC 2026","3341","","Управление корзиной покупок","","TC-013 Добавление нескольких товаров в корзину","","TC-013 Добавление нескольких товаров в корзину","  Как авторизованный пользователь
  Я хочу иметь возможность управлять товарами в корзине
  Чтобы оформить заказ"
"passed","Thu Oct 01 10:41:15 UTC 2026","Thu Oct 01 10:41:18 UTC 2026","3236","","Управление каталогом товаров","","TC-010 Сортировка товаров по цене (high to low)","","TC-010 Сортировка товаров по цене (high to low)","  Как авторизованный пользователь
  Я хочу иметь возможность просматривать товары
  Чтобы выбрать нужные для покупки"
"passed","Thu Oct 01 10:41:38 UTC 2026","Thu Oct 01 10:41:43 UTC 2026","4308","","Оформление заказа","","TC-020 Успешное оформление заказа","","TC-020 Успешное оформление заказа","  Как авторизованный пользователь с товарами в корзине
  Я хочу иметь возможность оформить заказ
  Чтобы купить товары"
"passed","Thu Oct 01 10:41:23 UTC 2026","Thu Oct 01 10:41:26 UTC 2026","3710","","Навигация по приложению","","TC-028 Logout через меню","","TC-028 Logout через меню","  Как авторизованный пользователь
  Я хочу иметь возможность перемещаться по приложению
  Чтобы эффективно использовать все функции"
"passed","Thu Oct 01 10:41:39 UTC 2026","Thu Oct 01 10:41:42 UTC 2026","3507","","Оформление заказа","","TC-021 Валидация поля First Name — пустое значение","","TC-021 Валидация поля First Name — пустое значение","  Как авторизованный пользователь с товарами в корзине
  Я хочу иметь возможность оформить заказ
  Чтобы купить товары"
"passed","Thu Oct 01 10:41:35 UTC 2026","Thu Oct 01 10:41:39 UTC 2026","3477","","Оформление заказа","","TC-022 Валидация поля Last Name — пустое значение","","TC-022 Валидация поля Last Name — пустое значение","  Как авторизованный пользователь с товарами в корзине
  Я хочу иметь возможность оформить заказ
  Чтобы купить товары"
"passed","Thu Oct 01 10:41:31 UTC 2026","Thu Oct 01 10:41:34 UTC 2026","2886","","Авторизация пользователя","","TC-001 Успешная авторизация со стандартным пользователем","","TC-001 Успешная авторизация со стандартным пользователем","  Как пользователь SauceDemo
  Я хочу иметь возможность входить в систему
  Чтобы получить доступ к каталогу товаров"
"passed","Thu Oct 01 10:41:07 UTC 2026","Thu Oct 01 10:41:16 UTC 2026","8967","","Навигация по приложению","","TC-030 Сброс состояния приложения через Reset App State","","TC-030 Сброс состояния приложения через Reset App State","  Как авторизованный пользователь
  Я хочу иметь возможность перемещаться по приложению
  Чтобы эффективно использовать все функции"
"passed","Thu Oct 01 10:41:18 UTC 2026","Thu Oct 01 10:41:20 UTC 2026","2486","","Управление каталогом товаров","","TC-009 Сортировка товаров по цене (low to high)","","TC-009 Сортировка товаров по цене (low to high)","  Как авторизованный пользователь
  Я хочу иметь возможность просматривать товары
  Чтобы выбрать нужные для покупки"
"passed","Thu Oct 01 10:41:34 UTC 2026","Thu Oct 01 10:41:36 UTC 2026","2065","","Авторизация пользователя","","TC-003 Валидация поля Username — пустое значение","","TC-003 Валидация поля Username — пустое значение","  Как пользователь SauceDemo
  Я хочу иметь возможность входить в систему
  Чтобы получить доступ к каталогу товаров"
"passed","Thu Oct 01 10:41:33 UTC 2026","Thu Oct 01 10:41:36 UTC 2026","3357","","Управление корзиной покупок","","TC-014 Удаление товара из корзины через каталог","","TC-014 Удаление товара из корзины через каталог","  Как авторизованный пользователь
  Я хочу иметь возможность управлять товарами в корзине
  Чтобы оформить заказ"
"passed","Thu Oct 01 10:41:30 UTC 2026","Thu Oct 01 10:41:35 UTC 2026","5068","","Оформление заказа","","TC-023 Валидация поля Postal Code — пустое значение","","TC-023 Валидация поля Postal Code — пустое значение","  Как авторизованный пользователь с товарами в корзине
  Я хочу иметь возможность оформить заказ
  Чтобы купить товары"
"passed","Thu Oct 01 10:41:07 UTC 2026","Thu Oct 01 10:41:15 UTC 2026","8003","","Управление каталогом товаров","","TC-011 Переход на страницу детальной информации о товаре","","TC-011 Переход на страницу детальной информации о товаре","  Как авторизованный пользователь
  Я хочу иметь возможность просматривать товары
  Чтобы выбрать нужные для покупки"
"passed","Thu Oct 01 10:41:29 UTC 2026","Thu Oct 01 10:41:33 UTC 2026","3873","","Управление корзиной покупок","","TC-015 Счетчик товаров в корзине","","TC-015 Счетчик товаров в корзине","  Как авторизованный пользователь
  Я хочу иметь возможность управлять товарами в корзине
  Чтобы оформить заказ"
"passed","Thu Oct 01 10:41:41 UTC 2026","Thu Oct 01 10:41:43 UTC 2026","1816","","Авторизация пользователя","","TC-002 Успешная авторизация с различными типами пользователей","","TC-002 Успешная авторизация с различными типами пользователей","  Как пользователь SauceDemo
  Я хочу иметь возможность входить в систему
  Чтобы получить доступ к каталогу товаров"
"passed","Thu Oct 01 10:41:21 UTC 2026","Thu Oct 01 10:41:25 UTC 2026","4062","","Управление корзиной покупок","","TC-017 Удаление товара из корзины на странице корзины","","TC-017 Удаление товара из корзины на странице корзины","  Как авторизованный пользователь
  Я хочу иметь возможность управлять товарами в корзине
  Чтобы оформить заказ"
"passed","Thu Oct 01 10:41:27 UTC 2026","Thu Oct 01 10:41:31 UTC 2026","3732","","Управление каталогом товаров","","TC-006 Отображение списка товаров","","TC-006 Отображение списка товаров","  Как авторизованный пользователь
  Я хочу иметь возможность просматривать товары
  Чтобы выбрать нужные для покупки"
"passed","Thu Oct 01 10:41:16 UTC 2026","Thu Oct 01 10:41:23 UTC 2026","7101","","Навигация по приложению","","TC-029 Пункт меню 'All Items'","","TC-029 Пункт меню 'All Items'","  Как авторизованный пользователь
  Я хочу иметь возможность перемещаться по приложению
  Чтобы эффективно использовать все функции"
"passed","Thu Oct 01 10:41:32 UTC 2026","Thu Oct 01 10:41:34 UTC 2026","2132","","Авторизация пользователя","","TC-004 Валидация поля Password — пустое значение","","TC-004 Валидация поля Password — пустое значение","  Как пользователь SauceDemo
  Я хочу иметь возможность входить в систему
  Чтобы получить доступ к каталогу товаров"
"passed","Thu Oct 01 10:41:17 UTC 2026","Thu Oct 01 10:41:21 UTC 2026","3831","","Оформление заказа","","TC-026 Отмена оформления на втором шаге","","TC-026 Отмена оформления на втором шаге","  Как авторизованный пользователь с товарами в корзине
  Я хочу иметь возможность оформить заказ
  Чтобы купить товары"
"passed","Thu Oct 01 10:41:20 UTC 2026","Thu Oct 01 10:41:24 UTC 2026","3335","","Управление каталогом товаров","","TC-008 Сортировка товаров по имени (Z to A)","","TC-008 Сортировка товаров по имени (Z to A)","  Как авторизованный пользователь
  Я хочу иметь возможность просматривать товары
  Чтобы выбрать нужные для покупки"
"passed","Thu Oct 01 10:41:15 UTC 2026","Thu Oct 01 10:41:21 UTC 2026","6152","","Управление корзиной покупок","","TC-018 Кнопка 'Checkout' в корзине","","TC-018 Кнопка 'Checkout' в корзине","  Как авторизованный пользователь
  Я хочу иметь возможность управлять товарами в корзине
  Чтобы оформить заказ"
"passed","Thu Oct 01 10:41:07 UTC 2026","Thu Oct 01 10:41:14 UTC 2026","7772","","Управление корзиной покупок","","TC-019 Кнопка 'Continue Shopping' в корзине","","TC-019 Кнопка 'Continue Shopping' в корзине","  Как авторизованный пользователь
  Я хочу иметь возможность управлять товарами в корзине
  Чтобы оформить заказ"
"passed","Thu Oct 01 10:41:40 UTC 2026","Thu Oct 01 10:41:43 UTC 2026","3690","","Авторизация пользователя","","TC-002 Успешная авторизация с различными типами пользователей","","TC-002 Успешная авторизация с различными типами пользователей","  Как пользователь SauceDemo
  Я хочу иметь возможность входить в систему
  Чтобы получить доступ к каталогу товаров"
"passed","Thu Oct 01 10:41:29 UTC 2026","Thu Oct 01 10:41:31 UTC 2026","2799","","Авторизация пользователя","","TC-005 Авторизация с неверными учетными данными","","TC-005 Авторизация с неверными учетными данными","  Как пользователь SauceDemo
  Я хочу иметь возможность входить в систему
  Чтобы получить доступ к каталогу товаров"
"passed","Thu Oct 01 10:41:26 UTC 2026","Thu Oct 01 10:41:30 UTC 2026","4265","","Оформление заказа","","TC-024 Отмена оформления на первом шаге","","TC-024 Отмена оформления на первом шаге","  Как авторизованный пользователь с товарами в корзине
  Я хочу иметь возможность оформить заказ
  Чтобы купить товары"
"passed","Thu Oct 01 10:41:07 UTC 2026","Thu Oct 01 10:41:17 UTC 2026","10044","","Оформление заказа","","TC-027 Возврат к покупкам после успешного оформления","","TC-027 Возврат к покупкам после успешного оформления","  Как авторизованный пользователь с товарами в корзине
  Я хочу иметь возможность оформить заказ
  Чтобы купить товары"
"passed","Thu Oct 01 10:41:27 UTC 2026","Thu Oct 01 10:41:29 UTC 2026","2151","","Авторизация пользователя","","TC-005 Авторизация с неверными учетными данными","","TC-005 Авторизация с неверными учетными данными","  Как пользователь SauceDemo
  Я хочу иметь возможность входить в систему
  Чтобы получить доступ к каталогу товаров"
"passed","Thu Oct 01 10:41:24 UTC 2026","Thu Oct 01 10:41:27 UTC 2026","3112","","Управление каталогом товаров","","TC-007 Сортировка товаров по имени (A to Z)","","TC-007 Сортировка товаров по имени (A to Z)","  Как авторизованный пользователь
  Я хочу иметь возможность просматривать товары
  Чтобы выбрать нужные для покупки"
"passed","Thu Oct 01 10:41:34 UTC 2026","Thu Oct 01 10:41:41 UTC 2026","7648","","Авторизация пользователя","","TC-002 Успешная авторизация с различными типами пользователей","","TC-002 Успешная авторизация с различными типами пользователей","  Как пользователь SauceDemo
  Я хочу иметь возможность входить в систему
  Чтобы получить доступ к каталогу товаров"
"passed","Thu Oct 01 10:41:36 UTC 2026","Thu Oct 01 10:41:38 UTC 2026","2705","","Управление корзиной покупок","","TC-012 Добавление товара в корзину из каталога","","TC-012 Добавление товара в корзину из каталога","  Как авторизованный пользователь
  Я хочу иметь возможность управлять товарами в корзине
  Чтобы оформить заказ"
"passed","Thu Oct 01 10:41:25 UTC 2026","Thu Oct 01 10:41:29 UTC 2026","3951","","Управление корзиной покупок","","TC-016 Отображение добавленных товаров в корзине","","TC-016 Отображение добавленных товаров в корзине","  Как авторизованный пользователь
  Я хочу иметь возможность управлять товарами в корзине
  Чтобы оформить заказ"
"passed","Thu Oct 01 10:41:21 UTC 2026","Thu Oct 01 10:41:26 UTC 2026","5532","","Оформление заказа","","TC-025 Проверка корректности расчета общей суммы заказа","","TC-025 Проверка корректности расчета общей суммы заказа","  Как авторизованный пользователь с товарами в корзине
  Я хочу иметь возможность оформить заказ
  Чтобы купить товары"
